mode,run_id,vote,connect_ms,handshake_ms,encrypt_send_ms,ack_ms,total_ms,bytes_sent_app,bytes_received_app
ml_kem,0,Bob,0.208709,0.57925,5.700042,0.785708,7.308209,45.0,50.0
ml_kem,1,Bob,0.184209,0.324416,1.213209,0.598,2.357667,45.0,50.0
ml_kem,2,Bob,0.19925,0.306042,1.245541,0.592834,2.36825,45.0,50.0
hybrid,0,Bob,0.230208,10.906708,0.12725,0.493084,11.792375,45.0,50.0
hybrid,1,Bob,0.1615,5.826209,0.133916,0.523834,6.674625,45.0,50.0
hybrid,2,Bob,0.192792,5.871459,0.134916,0.552667,6.791917,45.0,50.0
dh,0,Bob,0.193083,1691.101292,0.313708,0.2695,1691.914833,41.0,50.0
dh,1,Bob,0.230792,2843.932167,0.405916,0.326375,2844.925542,41.0,50.0
dh,2,Bob,0.204333,1386.093083,0.287292,0.291125,1386.92125,41.0,50.0
